{
  "point_coords": {
    "GAMMA": [
      0.0,
      0.0,
      0.0
    ],
    "Y": [
      0.5,
      0.5,
      0.0
    ],
    "T": [
      0.5,
      0.5,
      0.5
    ],
    "T_2": [
      0.5,
      0.5,
      -0.5
    ],
    "Z": [
      0.0,
      0.0,
      0.5
    ],
    "Z_2": [
      0.0,
      0.0,
      -0.5
    ],
    "S": [
      0.0,
      0.5,
      0.0
    ],
    "R": [
      0.0,
      0.5,
      0.5
    ],
    "R_2": [
      0.0,
      0.5,
      -0.5
    ],
    "DELTA_0": [
      -0.2683241525724086,
      0.2683241525724086,
      0.0
    ],
    "F_0": [
      0.2683241525724086,
      0.7316758474275914,
      0.0
    ],
    "B_0": [
      -0.2683241525724086,
      0.2683241525724086,
      0.5
    ],
    "B_2": [
      -0.2683241525724086,
      0.2683241525724086,
      -0.5
    ],
    "G_0": [
      0.2683241525724086,
      0.7316758474275914,
      0.5
    ],
    "G_2": [
      0.2683241525724086,
      0.7316758474275914,
      -0.5
    ]
  },
  "path": [
    [
      "GAMMA",
      "Y"
    ],
    [
      "Y",
      "F_0"
    ],
    [
      "DELTA_0",
      "GAMMA"
    ],
    [
      "GAMMA",
      "Z"
    ],
    [
      "Z",
      "B_0"
    ],
    [
      "G_0",
      "T"
    ],
    [
      "T",
      "Y"
    ],
    [
      "GAMMA",
      "S"
    ],
    [
      "S",
      "R"
    ],
    [
      "R",
      "Z"
    ],
    [
      "Z",
      "T"
    ]
  ],
  "has_inversion_symmetry": false,
  "augmented_path": false,
  "bravais_lattice": "oC",
  "bravais_lattice_extended": "oC2",
  "conv_lattice": 