{
  "mode": "structure",
  "spacegroup": [
    "Cmc2_1",
    36
  ],
  "bravais_lattice": "oC",
  "bravais_lattice_extended": "oC2",
  "input_lattice_A": [
    [
      5.20783,
      0.0,
      0.0
    ],
    [
      0.0,
      5.20783,
      0.0
    ],
    [
      0.0,
      0.0,
      19.13706
    ]
  ],
  "input_reciprocal_lattice_Ainv_2pi": [
    [
      1.2064881739956153,
      0.0,
      0.0
    ],
    [
      0.0,
      1.2064881739956153,
      0.0
    ],
    [
      0.0,
      0.0,
      0.32832552686669664
    ]
  ],
  "seekpath_primitive_lattice_A": [
    [
      9.56853,
      -2.603915,
      0.0
    ],
    [
      9.56853,
      2.603915,
      0.0
    ],
    [
      0.0,
      0.0,
      5.20783
    ]
  ],
  "seekpath_reciprocal_lattice_Ainv_2pi": [
    [
      0.32832552686669664,
      -1.2064881739956153,
      0.0
    ],
    [
      0.32832552686669664,
      1.2064881739956153,
      0.0
    ],
    [
      0.0,
      0.0,
      1.2064881739956153
    ]
  ],
  "bz_basis": "SeeK-path standardized primitive reciprocal basis",
  "point_source": "fully_manual",
  "manual_coordinate_basis": "input",
  "seekpath_point_coords_reduced": {
    "GAMMA": [
      0.0,
      0.0,
      0.0
    ],
    "Y": [
      0.5,
      0.5,
      0.0
    ],
    "T": [
      0.5,
      0.5,
      0.5
    ],
    "T_2": [
      0.5,
      0.5,
      -0.5
    ],
    "Z": [
      0.0,
      0.0,
      0.5
    ],
    "Z_2": [
      0.0,
      0.0,
      -0.5
    ],
    "S": [
      0.0,
      0.5,
      0.0
    ],
    "R": [
      0.0,
      0.5,
      0.5
    ],
    "R_2": [
      0.0,
      0.5,
      -0.5
    ],
    "DELTA_0": [
      -0.26851412406948166,
      0.26851412406948166,
      0.0
    ],
    "F_0": [
      0.26851412406948166,
      0.7314858759305183,
      0.0
    ],
    "B_0": [
      -0.26851412406948166,
      0.26851412406948166,
      0.5
    ],
    "B_2": [
      -0.26851412406948166,
      0.26851412406948166,
      -0.5
    ],
    "G_0": [
      0.26851412406948166,
      0.7314858759305183,
      0.5
    ],
    "G_2": [
      0.26851412406948166,
      0.7314858759305183,
      -0.5
    ]
  },
  "manual_point_coords_reduced": {
    "X": [
      0.5,
      0.0,
      0.0
    ],
    "\u0393": [
      0.0,
      0.0,
      0.0
    ],
    "Y": [
      0.0,
      0.5,
      0.0
    ],
    "R": [
      0.5,
      0.0,
      0.5
    ],
    "R'": [
      0.5,
      0.0,
      -0.5
    ]
  },
  "point_coords_cartesian_Ainv": {
    "X": [
      0.6032440869978076,
      0.0,
      0.0
    ],
    "\u0393": [
      0.0,
      0.0,
      0.0
    ],
    "Y": [
      0.0,
      0.6032440869978076,
      0.0
    ],
    "R": [
      0.6032440869978076,
      0.0,
      0.16416276343334832
    ],
    "R'": [
      0.6032440869978076,
      0.0,
      -0.16416276343334832
    ]
  },
  "path_sequences": [
    [
      "X",
      "\u0393",
      "Y",
      "\u0393",
      "R",
      "\u0393",
      "R'"
    ]
  ],
  "seekpath_raw": {
    "point_coords": {
      "GAMMA": [
        0.0,
        0.0,
        0.0
      ],
      "Y": [
        0.5,
        0.5,
        0.0
      ],
      "T": [
        0.5,
        0.5,
        0.5
      ],
      "T_2": [
        0.5,
        0.5,
        -0.5
      ],
      "Z": [
        0.0,
        0.0,
        0.5
      ],
      "Z_2": [
        0.0,
        0.0,
        -0.5
      ],
      "S": [
        0.0,
        0.5,
        0.0
      ],
      "R": [
        0.0,
        0.5,
        0.5
      ],
      "R_2": [
        0.0,
        0.5,
        -0.5
      ],
      "DELTA_0": [
        -0.26851412406948166,
        0.26851412406948166,
        0.0
      ],
      "F_0": [
        0.26851412406948166,
        0.7314858759305183,
        0.0
      ],
      "B_0": [
        -0.26851412406948166,
        0.26851412406948166,
        0.5
      ],
      "B_2": [
        -0.26851412406948166,
        0.26851412406948166,
        -0.5
      ],
      "G_0": [
        0.26851412406948166,
        0.7314858759305183,
        0.5
      ],
      "G_2": [
        0.26851412406948166,
        0.7314858759305183,
        -0.5
      ]
    },
    "path": [
      [
        "GAMMA",
        "Y"
      ],
      [
        "Y",
        "F_0"
      ],
      [
        "DELTA_0",
        "GAMMA"
      ],
      [
        "GAMMA",
        "Z"
      ],
      [
        "Z",
        "B_0"
      ],
      [
        "G_0",
        "T"
      ],
      [
        "T",
        "Y"
      ],
      [
        "GAMMA",
        "S"
      ],
      [
        "S",
        "R"
      ],
      [
        "R",
        "Z"
      ],
      [
        "Z",
        "T"
      ]
    ],
    "has_inversion_symmetry": false,
    "augmented_path": false,
    "bravais_lattice": "oC",
    "bravais_lattice_extended": "oC2",
    "conv_lattice": [
      [
        19.13706,
        0.0,
        0.0
      ],
      [
        0.0,
        5.20783,
        0.0
      ],
      [
        0.0,
        0.0,
        5.20783
      ]
    ],